{"time_domain": {"pearson": {"correlation": -0.3505492483721772, "p_value": 3.426692243651019e-73}, "spearman": {"correlation": -0.34834978637929914, "p_value": 3.0719181289265006e-72}, "cross_correlation": {"max_value": -0.35146058576134687, "lag_samples": 13}}, "frequency_domain": {"coherence": {"frequencies": [0.0, 1.0, 2.0, 3.0, 4.0, 5.0, 6.0, 7.0, 8.0, 9.0, 10.0, 11.0, 12.0, 13.0, 14.0, 15.0, 16.0, 17.0, 18.0, 19.0, 20.0, 21.0, 22.0, 23.0, 24.0, 25.0, 26.0, 27.0, 28.0, 29.0, 30.0, 31.0, 32.0, 33.0, 34.0, 35.0, 36.0, 37.0, 38.0, 39.0, 40.0, 41.0, 42.0, 43.0, 44.0, 45.0, 46.0, 47.0, 48.0, 49.0, 50.0, 51.0, 52.0, 53.0, 54.0, 55.0, 56.0, 57.0, 58.0, 59.0, 60.0, 61.0, 62.0, 63.0, 64.0, 65.0, 66.0, 67.0, 68.0, 69.0, 70.0, 71.0, 72.0, 73.0, 74.0, 75.0, 76.0, 77.0, 78.0, 79.0, 80.0, 81.0, 82.0, 83.0, 84.0, 85.0, 86.0, 87.0, 88.0, 89.0, 90.0, 91.0, 92.0, 93.0, 94.0, 95.0, 96.0, 97.0, 98.0, 99.0, 100.0, 101.0, 102.0, 103.0, 104.0, 105.0, 106.0, 107.0, 108.0, 109.0, 110.0, 111.0, 112.0, 113.0, 114.0, 115.0, 116.0, 117.0, 118.0, 119.0, 120.0, 121.0, 122.0, 123.0, 124.0, 125.0, 126.0, 127.0, 128.0, 129.0, 130.0, 131.0, 132.0, 133.0, 134.0, 135.0, 136.0, 137.0, 138.0, 139.0, 140.0, 141.0, 142.0, 143.0, 144.0, 145.0, 146.0, 147.0, 148.0, 149.0, 150.0, 151.0, 152.0, 153.0, 154.0, 155.0, 156.0, 157.0, 158.0, 159.0, 160.0, 161.0, 162.0, 163.0, 164.0, 165.0, 166.0, 167.0, 168.0, 169.0, 170.0, 171.0, 172.0, 173.0, 174.0, 175.0, 176.0, 177.0, 178.0, 179.0, 180.0, 181.0, 182.0, 183.0, 184.0, 185.0, 186.0, 187.0, 188.0, 189.0, 190.0, 191.0, 192.0, 193.0, 194.0, 195.0, 196.0, 197.0, 198.0, 199.0, 200.0, 201.0, 202.0, 203.0, 204.0, 205.0, 206.0, 207.0, 208.0, 209.0, 210.0, 211.0, 212.0, 213.0, 214.0, 215.0, 216.0, 217.0, 218.0, 219.0, 220.0, 221.0, 222.0, 223.0, 224.0, 225.0, 226.0, 227.0, 228.0, 229.0, 230.0, 231.0, 232.0, 233.0, 234.0, 235.0, 236.0, 237.0, 238.0, 239.0, 240.0, 241.0, 242.0, 243.0, 244.0, 245.0, 246.0, 247.0, 248.0, 249.0, 250.0, 251.0, 252.0, 253.0, 254.0, 255.0, 256.0, 257.0, 258.0, 259.0, 260.0, 261.0, 262.0, 263.0, 264.0, 265.0, 266.0, 267.0, 268.0, 269.0, 270.0, 271.0, 272.0, 273.0, 274.0, 275.0, 276.0, 277.0, 278.0, 279.0, 280.0, 281.0, 282.0, 283.0, 284.0, 285.0, 286.0, 287.0, 288.0, 289.0, 290.0, 291.0, 292.0, 293.0, 294.0, 295.0, 296.0, 297.0, 298.0, 299.0, 300.0, 301.0, 302.0, 303.0, 304.0, 305.0, 306.0, 307.0, 308.0, 309.0, 310.0, 311.0, 312.0, 313.0, 314.0, 315.0, 316.0, 317.0, 318.0, 319.0, 320.0, 321.0, 322.0, 323.0, 324.0, 325.0, 326.0, 327.0, 328.0, 329.0, 330.0, 331.0, 332.0, 333.0, 334.0, 335.0, 336.0, 337.0, 338.0, 339.0, 340.0, 341.0, 342.0, 343.0, 344.0, 345.0, 346.0, 347.0, 348.0, 349.0, 350.0, 351.0, 352.0, 353.0, 354.0, 355.0, 356.0, 357.0, 358.0, 359.0, 360.0, 361.0, 362.0, 363.0, 364.0, 365.0, 366.0, 367.0, 368.0, 369.0, 370.0, 371.0, 372.0, 373.0, 374.0, 375.0, 376.0, 377.0, 378.0, 379.0, 380.0, 381.0, 382.0, 383.0, 384.0, 385.0, 386.0, 387.0, 388.0, 389.0, 390.0, 391.0, 392.0, 393.0, 394.0, 395.0, 396.0, 397.0, 398.0, 399.0, 400.0, 401.0, 402.0, 403.0, 404.0, 405.0, 406.0, 407.0, 408.0, 409.0, 410.0, 411.0, 412.0, 413.0, 414.0, 415.0, 416.0, 417.0, 418.0, 419.0, 420.0, 421.0, 422.0, 423.0, 424.0, 425.0, 426.0, 427.0, 428.0, 429.0, 430.0, 431.0, 432.0, 433.0, 434.0, 435.0, 436.0, 437.0, 438.0, 439.0, 440.0, 441.0, 442.0, 443.0, 444.0, 445.0, 446.0, 447.0, 448.0, 449.0, 450.0, 451.0, 452.0, 453.0, 454.0, 455.0, 456.0, 457.0, 458.0, 459.0, 460.0, 461.0, 462.0, 463.0, 464.0, 465.0, 466.0, 467.0, 468.0, 469.0, 470.0, 471.0, 472.0, 473.0, 474.0, 475.0, 476.0, 477.0, 478.0, 479.0, 480.0, 481.0, 482.0, 483.0, 484.0, 485.0, 486.0, 487.0, 488.0, 489.0, 490.0, 491.0, 492.0, 493.0, 494.0, 495.0, 496.0, 497.0, 498.0, 499.0, 500.0], "values": [0.3417796082198919, 0.8903120847814298, 0.531396546697185, 0.04026382535769718, 0.10073378939133065, 0.12604873160424318, 0.10013329619961954, 0.33408955345027863, 0.24653450448928527, 0.13173813019731762, 0.5545966124935349, 0.47286980877464224, 0.5096560936630085, 0.32661198231420957, 0.1542672820049107, 0.20532848259826192, 0.19115361704149622, 0.15256912867260722, 0.06676625199185032, 0.3153444617611048, 0.33266282138593106, 0.49764368772995005, 0.12599453392210916, 0.3090766879840396, 0.2832158655749099, 0.2771942230173296, 0.2837772461562043, 0.25203623709594314, 0.2734495233795417, 0.6414557062855122, 0.20413378165450635, 0.2449090360529108, 0.20743725404661625, 0.5294356321061643, 0.07166927081547628, 0.2084377803133117, 0.23891688028215272, 0.0336714746202864, 0.4509317769908397, 0.2377429510744657, 0.17180013919322323, 0.38242175971674014, 0.3280173297214256, 0.28403438897757594, 0.29809805853476296, 0.04849511868722197, 0.1427898494715568, 0.24080642961634188, 0.2930794336257736, 0.013117082957459067, 0.19853638328881507, 0.30230960117194583, 0.6757764421702374, 0.04620784954516214, 0.18515162978257285, 0.20164875424678133, 0.14472743594766593, 0.33192811393781874, 0.25266149614626676, 0.2021248527047197, 0.1256775815207727, 0.0925966138662242, 0.22119791656372478, 0.27998039177676404, 0.562989316113123, 0.1698288182036839, 0.254233149051639, 0.19609146820499843, 0.09221830431502843, 0.2632135227011889, 0.29595356597782013, 0.2263027545027247, 0.16505430841738664, 0.3214797741229904, 0.22812214500688888, 0.21168129353967702, 0.08797078257273785, 0.16127277077980606, 0.25912603097825954, 0.32301656112994465, 0.2879950447978443, 0.17992326543504786, 0.2245829664393333, 0.22486403187273463, 0.04839996845171149, 0.34878470153221935, 0.22478960494518355, 0.15370979836283635, 0.07450772647591368, 0.4191471032142852, 0.3044136670542239, 0.26103026441977617, 0.21194830036407103, 0.2400396123848527, 0.23105317848495707, 0.2249941684519737, 0.04445156489494322, 0.20271089017461777, 0.2315717709882402, 0.30238015101907695, 0.25497087133936147, 0.209395310061892, 0.23027712163880354, 0.08035872494551992, 0.3529840218623431, 0.24383319161854114, 0.19078275347158932, 0.10613935929381492, 0.5135180990758882, 0.30399979139476335, 0.2037807381634562, 0.12263476796237927, 0.2645176674036704, 0.26391572052106277, 0.2517156574086987, 0.2428776562636688, 0.1874391130434536, 0.20934837266554995, 0.23993400623669225, 0.4342211398668933, 0.3526463953700804, 0.22765598112935478, 0.1283647675195547, 0.21357839169912632, 0.1895265746437533, 0.2442110974991331, 0.3345087571101563, 0.11422543762884357, 0.22538878123809825, 0.22985126958195676, 0.14440789682760488, 0.058850206111143284, 0.12327014238293502, 0.1962803861724008, 0.2435272016025072, 0.15334517213156013, 0.2337493587542919, 0.25958745379538267, 0.3618180876857563, 0.07144502602754416, 0.211394877029784, 0.2591944428613653, 0.17452895496180368, 0.22710290360674354, 0.14656379239265496, 0.18294093160162642, 0.1962181242231303, 0.16933080892261992, 0.35790889357964734, 0.25642925389506316, 0.34666404065645046, 0.2447596462030258, 0.29660641255048303, 0.4809283888735092, 0.481222213084527, 0.28145569222969496, 0.1499890167979038, 0.017711615656135368, 0.08886163893882411, 0.21689402933724236, 0.28947519616265177, 0.29600943242889594, 0.042078360055407035, 0.36349518287846794, 0.2870196350730464, 0.14838914310224066, 0.2540705064007894, 0.17928431729876393, 0.19642193671214028, 0.2557266317166944, 0.454038816183747, 0.10623354155816445, 0.15812335891520607, 0.21254364390497327, 0.0015471396166153045, 0.19107038980558305, 0.26801555758903733, 0.5096454298833681, 0.10937897560348997, 0.17224024143913955, 0.2495659647293886, 0.2146397081162831, 0.16156054948958268, 0.21159782380810246, 0.24920201817466558, 0.25014249170058045, 0.3970252608613044, 0.2850157844334903, 0.22961809532380695, 0.18497654292132915, 0.08555202255818846, 0.3271635901847844, 0.26011872391703855, 0.08690744657357775, 0.32799186234289335, 0.18368344593773783, 0.23088036034447856, 0.126116259345528, 0.07731396010666568, 0.04876747222942982, 0.34537190108898275, 0.3062848466628964, 0.24395022112506895, 0.16174909735765888, 0.015980244148397393, 0.2169571025326738, 0.3098192787870676, 