{"time_domain": {"pearson": {"correlation": 0.04029563112082268, "p_value": 5.561184387438218e-05}, "spearman": {"correlation": 0.029726000049259998, "p_value": 0.002950146552417954}, "cross_correlation": {"max_value": -0.19985419654915781, "lag_samples": -473}}, "frequency_domain": {"coherence": {"frequencies": [0.0, 1.0, 2.0, 3.0, 4.0, 5.0, 6.0, 7.0, 8.0, 9.0, 10.0, 11.0, 12.0, 13.0, 14.0, 15.0, 16.0, 17.0, 18.0, 19.0, 20.0, 21.0, 22.0, 23.0, 24.0, 25.0, 26.0, 27.0, 28.0, 29.0, 30.0, 31.0, 32.0, 33.0, 34.0, 35.0, 36.0, 37.0, 38.0, 39.0, 40.0, 41.0, 42.0, 43.0, 44.0, 45.0, 46.0, 47.0, 48.0, 49.0, 50.0, 51.0, 52.0, 53.0, 54.0, 55.0, 56.0, 57.0, 58.0, 59.0, 60.0, 61.0, 62.0, 63.0, 64.0, 65.0, 66.0, 67.0, 68.0, 69.0, 70.0, 71.0, 72.0, 73.0, 74.0, 75.0, 76.0, 77.0, 78.0, 79.0, 80.0, 81.0, 82.0, 83.0, 84.0, 85.0, 86.0, 87.0, 88.0, 89.0, 90.0, 91.0, 92.0, 93.0, 94.0, 95.0, 96.0, 97.0, 98.0, 99.0, 100.0, 101.0, 102.0, 103.0, 104.0, 105.0, 106.0, 107.0, 108.0, 109.0, 110.0, 111.0, 112.0, 113.0, 114.0, 115.0, 116.0, 117.0, 118.0, 119.0, 120.0, 121.0, 122.0, 123.0, 124.0, 125.0, 126.0, 127.0, 128.0, 129.0, 130.0, 131.0, 132.0, 133.0, 134.0, 135.0, 136.0, 137.0, 138.0, 139.0, 140.0, 141.0, 142.0, 143.0, 144.0, 145.0, 146.0, 147.0, 148.0, 149.0, 150.0, 151.0, 152.0, 153.0, 154.0, 155.0, 156.0, 157.0, 158.0, 159.0, 160.0, 161.0, 162.0, 163.0, 164.0, 165.0, 166.0, 167.0, 168.0, 169.0, 170.0, 171.0, 172.0, 173.0, 174.0, 175.0, 176.0, 177.0, 178.0, 179.0, 180.0, 181.0, 182.0, 183.0, 184.0, 185.0, 186.0, 187.0, 188.0, 189.0, 190.0, 191.0, 192.0, 193.0, 194.0, 195.0, 196.0, 197.0, 198.0, 199.0, 200.0, 201.0, 202.0, 203.0, 204.0, 205.0, 206.0, 207.0, 208.0, 209.0, 210.0, 211.0, 212.0, 213.0, 214.0, 215.0, 216.0, 217.0, 218.0, 219.0, 220.0, 221.0, 222.0, 223.0, 224.0, 225.0, 226.0, 227.0, 228.0, 229.0, 230.0, 231.0, 232.0, 233.0, 234.0, 235.0, 236.0, 237.0, 238.0, 239.0, 240.0, 241.0, 242.0, 243.0, 244.0, 245.0, 246.0, 247.0, 248.0, 249.0, 250.0, 251.0, 252.0, 253.0, 254.0, 255.0, 256.0, 257.0, 258.0, 259.0, 260.0, 261.0, 262.0, 263.0, 264.0, 265.0, 266.0, 267.0, 268.0, 269.0, 270.0, 271.0, 272.0, 273.0, 274.0, 275.0, 276.0, 277.0, 278.0, 279.0, 280.0, 281.0, 282.0, 283.0, 284.0, 285.0, 286.0, 287.0, 288.0, 289.0, 290.0, 291.0, 292.0, 293.0, 294.0, 295.0, 296.0, 297.0, 298.0, 299.0, 300.0, 301.0, 302.0, 303.0, 304.0, 305.0, 306.0, 307.0, 308.0, 309.0, 310.0, 311.0, 312.0, 313.0, 314.0, 315.0, 316.0, 317.0, 318.0, 319.0, 320.0, 321.0, 322.0, 323.0, 324.0, 325.0, 326.0, 327.0, 328.0, 329.0, 330.0, 331.0, 332.0, 333.0, 334.0, 335.0, 336.0, 337.0, 338.0, 339.0, 340.0, 341.0, 342.0, 343.0, 344.0, 345.0, 346.0, 347.0, 348.0, 349.0, 350.0, 351.0, 352.0, 353.0, 354.0, 355.0, 356.0, 357.0, 358.0, 359.0, 360.0, 361.0, 362.0, 363.0, 364.0, 365.0, 366.0, 367.0, 368.0, 369.0, 370.0, 371.0, 372.0, 373.0, 374.0, 375.0, 376.0, 377.0, 378.0, 379.0, 380.0, 381.0, 382.0, 383.0, 384.0, 385.0, 386.0, 387.0, 388.0, 389.0, 390.0, 391.0, 392.0, 393.0, 394.0, 395.0, 396.0, 397.0, 398.0, 399.0, 400.0, 401.0, 402.0, 403.0, 404.0, 405.0, 406.0, 407.0, 408.0, 409.0, 410.0, 411.0, 412.0, 413.0, 414.0, 415.0, 416.0, 417.0, 418.0, 419.0, 420.0, 421.0, 422.0, 423.0, 424.0, 425.0, 426.0, 427.0, 428.0, 429.0, 430.0, 431.0, 432.0, 433.0, 434.0, 435.0, 436.0, 437.0, 438.0, 439.0, 440.0, 441.0, 442.0, 443.0, 444.0, 445.0, 446.0, 447.0, 448.0, 449.0, 450.0, 451.0, 452.0, 453.0, 454.0, 455.0, 456.0, 457.0, 458.0, 459.0, 460.0, 461.0, 462.0, 463.0, 464.0, 465.0, 466.0, 467.0, 468.0, 469.0, 470.0, 471.0, 472.0, 473.0, 474.0, 475.0, 476.0, 477.0, 478.0, 479.0, 480.0, 481.0, 482.0, 483.0, 484.0, 485.0, 486.0, 487.0, 488.0, 489.0, 490.0, 491.0, 492.0, 493.0, 494.0, 495.0, 496.0, 497.0, 498.0, 499.0, 500.0], "values": [0.01878406678463911, 0.05552482387154726, 0.02485240419831871, 0.03692290590687941, 0.03622130465957303, 0.029917822417738684, 0.09561888859854545, 0.06646186409245114, 0.1537106240012754, 0.5155144160904528, 0.5230712954409339, 0.5219932147056976, 0.1125904567483045, 0.004580855940401602, 0.07200242934742825, 0.02481604674821064, 0.022578171286908148, 0.02297090133274308, 0.04091195835287047, 0.09023424373861573, 0.0392366526494373, 0.026344505404510426, 0.023398809136665914, 0.05696506772712222, 0.11669994219237774, 0.1266458490771582, 0.10122741343171819, 0.10710714393723142, 0.00869471928165744, 0.04526951987122179, 0.1505765316827437, 0.09786737141661969, 0.05479319678848681, 0.0677756428249662, 0.03304865159058758, 0.025201123370876974, 0.09938693137399413, 0.09749338198751716, 0.07580887346707711, 0.05254037122844509, 0.03910173015068903, 0.059780524760017925, 0.0272444869492529, 0.05097580443546375, 0.08072254110485785, 0.05787698939390048, 0.030655604696055792, 0.05517862910450541, 0.09125403313663032, 0.07321770936069802, 0.0014490703667947382, 0.18609598775182365, 0.1175964177463813, 0.12512901812319138, 0.048724747976661376, 0.06152778833482977, 0.1936110471543614, 0.06880588856222666, 0.006443237359577194, 0.015330201459315863, 0.04384394114012339, 0.015719025112800062, 0.0060401834023003365, 0.07711413973780656, 0.04818143352401837, 0.007015587777909115, 0.14910464337712936, 0.11616421796983506, 0.040290245497936514, 0.015546628364828867, 0.05375000528034654, 0.054564863251034934, 0.02379265642845749, 0.00610770777200089, 0.06459179892655365, 0.01754152868115085, 0.023257656079643425, 0.0027001815607009703, 0.061653107203987, 0.08492618460155808, 0.012931241445975919, 0.012542387186461905, 0.014947651293831627, 0.05631603066235171, 0.08568099135205186, 0.0323908292798658, 0.02975284244125751, 0.038502946458434724, 0.0017457335313576007, 0.0183561502360756, 0.0017210580956524481, 0.08937723475127397, 0.09096121335992662, 0.015192406384616176, 0.1146467147886227, 0.06096062243875537, 0.01661068693622568, 0.010653586994516788, 0.016620913880966214, 0.005723541893711152, 0.004420243187525629, 0.01276239462219798, 0.08547443296053756, 0.08198707948901882, 0.20716147422967127, 0.19941394722748576, 0.0754931448194122, 0.13596257706790751, 0.07985403015109775, 0.027673637933874628, 0.020792728579348045, 0.001254912031814448, 0.08023569277843347, 0.10680472719785725, 0.04649992410328157, 0.04521281045382928, 0.01060638211271344, 0.039967315152567684, 0.02334703767245621, 0.020020748867244562, 0.10153533876699583, 0.028133826035019672, 0.055585126022239174, 0.056661345136460234, 0.017540191304004447, 0.02403193810803156, 0.021575685436937563, 0.013431863017553293, 0.0390072884849534, 0.0708971241880312, 0.12406536137907138, 0.13416523002295494, 0.017832987593730032, 0.18796412647382094, 0.222835908620697, 0.10250782540898201, 0.13708491344623464, 0.19479122821081357, 0.185382801140929, 0.01733783315869588, 0.02668031377973145, 0.004141675935801756, 0.005730752365385302, 0.0045384114260406, 0.004031698746910275, 0.00021417445246413457, 0.0061404210953870325, 0.0026428820126757698, 0.0715242413128456, 0.0951963143322857, 0.04865209828494104, 0.007328581136355446, 0.008115546205762103, 0.07625860599137445, 0.1500711870136119, 0.03289180593937708, 0.02797932023148087, 0.06695924207135827, 0.04565257280588352, 0.06438515610134121, 0.021844744521273378, 0.06675880873227141, 0.0680441765192778, 0.025829840560460886, 0.10284905999612279, 0.05317259469223302, 0.023037034471053517, 0.01597026228315913, 0.08396246957202351, 0.07877622231282018, 0.051345766544664724, 0.20057490077507237, 0.12143189876054553, 0.030674635597549238, 0.056798289577723766, 0.0663548308057274, 0.012296229334435983, 0.028928312262876957, 0.11863203093520738, 0.15084528085452828, 0.05922213887089048, 0.007958255502741023, 0.018806989564341774, 0.00600999088788121, 0.046427128184526614, 0.0158979457222325, 0.017520619371140387, 0.0496420231431309, 0.01635351833870914, 0.004175871878093568, 0.0453195666958633, 0.025427974457241924, 0.0002077380495571642, 0.0060979262903258875, 0.08333275871302186, 0.07432428661759104, 0.037111088418350556, 0.005426797641500171, 0.06206164275467641, 0.027447199453277032, 0.0848582645691604, 